id;last_action;last_connection_date;muted;created_date;last_modified_date;created_by;last_modified_by;is_deleted;participant_user_id
1;opposite boo ha;2024-02-21T14:12:53;false;2024-02-21T01:05:11;2024-02-21T01:01:27;yippee stot for;engineer likely muddle;false;4783
2;ugh after that;2024-02-21T04:34:02;true;2024-02-21T11:38:41;2024-02-21T05:53:28;since;ordinary;true;18404
3;as within furthermore;2024-02-21T16:54:40;true;2024-02-21T05:09:56;2024-02-21T17:26:00;alongside consequently oh;gavel torn whose;true;5508
4;rigidly ajar;2024-02-21T02:13:11;true;2024-02-21T00:12:01;2024-02-21T13:03:51;over cruelly;knight barring;true;5842
5;showboat anenst;2024-02-21T01:04:51;true;2024-02-21T04:27:48;2024-02-21T07:27:46;yahoo safeguard phew;mix up;true;27969
6;impartial whenever;2024-02-21T11:53:49;false;2024-02-21T12:08:11;2024-02-21T05:26:44;drat;adventurously yowza;true;20112
7;while unaccountably;2024-02-21T21:22:59;true;2024-02-21T06:07:51;2024-02-21T05:48:58;yippee ambitious curvy;procedure;false;9752
8;modulo quizzically before;2024-02-21T20:07:34;false;2024-02-21T02:46:28;2024-02-21T13:13:47;organic unfinished;boo;false;17785
9;furthermore seminar gee;2024-02-21T21:24:26;false;2024-02-21T03:14:57;2024-02-21T21:05:04;midst;relive cyclone;true;17474
10;wisely type;2024-02-21T00:22:00;true;2024-02-21T06:49:59;2024-02-21T10:48:43;bundle;masculine during;true;11238
