id;post_content;is_hidden;pinned_post;like_count;created_date;last_modified_date;created_by;last_modified_by;is_deleted;creator_user_id
1;../fake-data/blob/hipster.txt;true;true;9316;2024-02-21T04:36:33;2024-02-21T13:27:28;despite plane;as;false;22008
2;../fake-data/blob/hipster.txt;true;false;31159;2024-02-21T05:28:47;2024-02-21T05:46:14;gracefully;wise;true;5939
3;../fake-data/blob/hipster.txt;true;false;26355;2024-02-21T06:01:09;2024-02-21T19:48:04;craft embarrassed;therapist near gee;true;24410
4;../fake-data/blob/hipster.txt;true;true;30195;2024-02-21T12:20:33;2024-02-21T15:45:06;the;thoughtfully ew;true;5373
5;../fake-data/blob/hipster.txt;true;false;8975;2024-02-21T00:24:10;2024-02-21T19:03:53;sedately hm cup;humiliating loyal once;false;4715
6;../fake-data/blob/hipster.txt;false;true;20047;2024-02-21T06:25:35;2024-02-21T01:18:00;thermals aha phew;cleverly ringed failing;true;18367
7;../fake-data/blob/hipster.txt;false;false;3256;2024-02-21T21:24:06;2024-02-21T03:05:29;mealy majestically searchingly;forte sans mainland;false;6056
8;../fake-data/blob/hipster.txt;false;true;14662;2024-02-21T05:06:21;2024-02-21T08:07:25;under;factor preference;true;22259
9;../fake-data/blob/hipster.txt;true;true;28376;2024-02-21T13:47:45;2024-02-21T01:33:17;since skeletal uh-huh;whose;true;149
10;../fake-data/blob/hipster.txt;false;false;1362;2024-02-21T03:35:13;2024-02-21T07:30:26;broadly at;trim;true;18646
