id;full_name;email_address;nick_name;gender;mobile_phone;last_login_date;birth_date;created_date;last_modified_date;created_by;last_modified_by;is_deleted
1;"lj";"JSX@%-.M<f";"16v";TRANS_MALE;"+133823387861";2024-02-29T04:26:32;2024-02-29;2024-02-29T17:23:09;2024-02-29T00:51:44;ha;photoreceptor ha;false
2;"nha";"&luDY?@<X%.BmJ1";"ulrq5j95";FEMALE;"200975011089";2024-02-29T09:23:28;2024-02-29;2024-02-29T21:49:35;2024-02-28T23:39:36;across;bashfully resist once;false
3;"gm";"c?@OuKLfK.K8.";"vjq776sp";MALE;"58177373884378";2024-02-29T06:30:54;2024-02-29;2024-02-29T03:29:43;2024-02-29T21:47:58;because strictly;cheerfully;true
4;"ul2";"b\yK@ 2cm.f7W";"eii0r1dcoxg7ies";MALE;"+1638667371265";2024-02-29T14:48:48;2024-02-29;2024-02-29T21:27:33;2024-02-29T09:37:08;muted assistant;likewise;false
5;"wtk";"~;U+_@e9C9y.iR|VW";"5zlibp8i65";MALE;"+01899994456";2024-02-29T09:31:19;2024-02-29;2024-02-29T04:06:46;2024-02-29T21:14:11;shutdown wherever a;unbearably finally aquifer;true
6;"7bji";"ib.@S<wLM.$";"q2ioj7uaq-nr6";FEMALE;"00427759965";2024-02-29T18:05:49;2024-02-28;2024-02-29T19:21:21;2024-02-29T19:23:14;blindly;slight closely;false
7;"0hg5f";"^W)e<@rf{.ns9]";"gbaq4_wn138lfqc";TRANS_FEMALE;"945103715056559";2024-02-29T17:19:53;2024-02-29;2024-02-29T07:30:33;2024-02-29T15:36:18;instance geez;workplace;false
8;"-lrgf";",Ky@s|.>";"20jq";TRANS_FEMALE;"898655282059062";2024-02-29T17:30:17;2024-02-28;2024-02-29T19:05:29;2024-02-29T17:42:57;bound variable psst;likely fox;false
9;"l";"mY@^.v";"c567nuonqzsif";TRANS_FEMALE;"049647260608536";2024-02-29T04:03:02;2024-02-29;2024-02-29T22:05:21;2024-02-28T23:27:17;pointless to;how duh correctly;true
10;"ydjy-i";"a]Jkf>@#-.9K#7:";"96x_j8fu";TRANS_MALE;"+7407135401";2024-02-29T19:05:16;2024-02-29;2024-02-29T04:50:10;2024-02-29T18:19:04;psst how ick;because since;false
